gene,haplotype_id,variant,allele,freq
GENE1,HAP_1,GENE1_INDEL_V1,1,0.5999999160763829
GENE1,HAP_1,GENE1_INDEL_V2,1,0.5999999160763829
GENE1,HAP_1,GENE1_INDEL_V3,1,0.5999999160763829
GENE1,HAP_1,GENE1_INDEL_V4,1,0.5999999160763829
GENE1,HAP_1,GENE1_INDEL_V5,1,0.5999999160763829
GENE1,HAP_1,GENE1_INDEL_V6,1,0.5999999160763829
GENE1,HAP_1,GENE1_SNV_V1,1,0.5999999160763829
GENE1,HAP_1,GENE1_SNV_V2,1,0.5999999160763829
GENE1,HAP_1,GENE1_SNV_V3,1,0.5999999160763829
GENE1,HAP_1,GENE1_SNV_V4,1,0.5999999160763829
GENE1,HAP_1,GENE1_SNV_V5,1,0.5999999160763829
GENE1,HAP_1,GENE1_SNV_V6,1,0.5999999160763829
GENE1,HAP_1,GENE1_SV_V1,1,0.5999999160763829
GENE1,HAP_1,GENE1_SV_V2,1,0.5999999160763829
GENE1,HAP_1,GENE1_SV_V3,1,0.5999999160763829
GENE1,HAP_1,GENE1_SV_V4,1,0.5999999160763829
GENE1,HAP_1,GENE1_SV_V5,1,0.5999999160763829
GENE1,HAP_2,GENE1_INDEL_V1,1,8.392361698474934e-8
GENE1,HAP_2,GENE1_INDEL_V2,1,8.392361698474934e-8
GENE1,HAP_2,GENE1_INDEL_V3,1,8.392361698474934e-8
GENE1,HAP_2,GENE1_INDEL_V4,2,8.392361698474934e-8
GENE1,HAP_2,GENE1_INDEL_V5,1,8.392361698474934e-8
GENE1,HAP_2,GENE1_INDEL_V6,1,8.392361698474934e-8
GENE1,HAP_2,GENE1_SNV_V1,1,8.392361698474934e-8
GENE1,HAP_2,GENE1_SNV_V2,1,8.392361698474934e-8
GENE1,HAP_2,GENE1_SNV_V3,1,8.392361698474934e-8
GENE1,HAP_2,GENE1_SNV_V4,2,8.392361698474934e-8
GENE1,HAP_2,GENE1_SNV_V5,1,8.392361698474934e-8
GENE1,HAP_2,GENE1_SNV_V6,1,8.392361698474934e-8
GENE1,HAP_2,GENE1_SV_V1,1,8.392361698474934e-8
GENE1,HAP_2,GENE1_SV_V2,1,8.392361698474934e-8
GENE1,HAP_2,GENE1_SV_V3,1,8.392361698474934e-8
GENE1,HAP_2,GENE1_SV_V4,2,8.392361698474934e-8
GENE1,HAP_2,GENE1_SV_V5,1,8.392361698474934e-8
GENE1,HAP_3,GENE1_INDEL_V1,1,0.10000004196180849
GENE1,HAP_3,GENE1_INDEL_V2,2,0.10000004196180849
GENE1,HAP_3,GENE1_INDEL_V3,1,0.10000004196180849
GENE1,HAP_3,GENE1_INDEL_V4,1,0.10000004196180849
GENE1,HAP_3,GENE1_INDEL_V5,2,0.10000004196180849
GENE1,HAP_3,GENE1_INDEL_V6,1,0.10000004196180849
GENE1,HAP_3,GENE1_SNV_V1,1,0.10000004196180849
GENE1,HAP_3,GENE1_SNV_V2,2,0.10000004196180849
GENE1,HAP_3,GENE1_SNV_V3,1,0.10000004196180849
GENE1,HAP_3,GENE1_SNV_V4,1,0.10000004196180849
GENE1,HAP_3,GENE1_SNV_V5,2,0.10000004196180849
GENE1,HAP_3,GENE1_SNV_V6,1,0.10000004196180849
GENE1,HAP_3,GENE1_SV_V1,1,0.10000004196180849
GENE1,HAP_3,GENE1_SV_V2,2,0.10000004196180849
GENE1,HAP_3,GENE1_SV_V3,1,0.10000004196180849
GENE1,HAP_3,GENE1_SV_V4,1,0.10000004196180849
GENE1,HAP_3,GENE1_SV_V5,1,0.10000004196180849
GENE1,HAP_4,GENE1_INDEL_V1,1,0.0999999580381915
GENE1,HAP_4,GENE1_INDEL_V2,2,0.0999999580381915
GENE1,HAP_4,GENE1_INDEL_V3,1,0.0999999580381915
GENE1,HAP_4,GENE1_INDEL_V4,2,0.0999999580381915
GENE1,HAP_4,GENE1_INDEL_V5,2,0.0999999580381915
GENE1,HAP_4,GENE1_INDEL_V6,1,0.0999999580381915
GENE1,HAP_4,GENE1_SNV_V1,1,0.0999999580381915
GENE1,HAP_4,GENE1_SNV_V2,2,0.0999999580381915
GENE1,HAP_4,GENE1_SNV_V3,1,0.0999999580381915
GENE1,HAP_4,GENE1_SNV_V4,2,0.0999999580381915
GENE1,HAP_4,GENE1_SNV_V5,2,0.0999999580381915
GENE1,HAP_4,GENE1_SNV_V6,1,0.0999999580381915
GENE1,HAP_4,GENE1_SV_V1,1,0.0999999580381915
GENE1,HAP_4,GENE1_SV_V2,2,0.0999999580381915
GENE1,HAP_4,GENE1_SV_V3,1,0.0999999580381915
GENE1,HAP_4,GENE1_SV_V4,2,0.0999999580381915
GENE1,HAP_4,GENE1_SV_V5,1,0.0999999580381915
GENE1,HAP_5,GENE1_INDEL_V1,2,0.10000004196180849
GENE1,HAP_5,GENE1_INDEL_V2,1,0.10000004196180849
GENE1,HAP_5,GENE1_INDEL_V3,2,0.10000004196180849
GENE1,HAP_5,GENE1_INDEL_V4,1,0.10000004196180849
GENE1,HAP_5,GENE1_INDEL_V5,1,0.10000004196180849
GENE1,HAP_5,GENE1_INDEL_V6,2,0.10000004196180849
GENE1,HAP_5,GENE1_SNV_V1,2,0.10000004196180849
GENE1,HAP_5,GENE1_SNV_V2,1,0.10000004196180849
GENE1,HAP_5,GENE1_SNV_V3,2,0.10000004196180849
GENE1,HAP_5,GENE1_SNV_V4,1,0.10000004196180849
GENE1,HAP_5,GENE1_SNV_V5,1,0.10000004196180849
GENE1,HAP_5,GENE1_SNV_V6,2,0.10000004196180849
GENE1,HAP_5,GENE1_SV_V1,2,0.10000004196180849
GENE1,HAP_5,GENE1_SV_V2,1,0.10000004196180849
GENE1,HAP_5,GENE1_SV_V3,2,0.10000004196180849
GENE1,HAP_5,GENE1_SV_V4,1,0.10000004196180849
GENE1,HAP_5,GENE1_SV_V5,2,0.10000004196180849
GENE1,HAP_6,GENE1_INDEL_V1,2,0.0999999580381915
GENE1,HAP_6,GENE1_INDEL_V2,1,0.0999999580381915
GENE1,HAP_6,GENE1_INDEL_V3,2,0.0999999580381915
GENE1,HAP_6,GENE1_INDEL_V4,2,0.0999999580381915
GENE1,HAP_6,GENE1_INDEL_V5,1,0.0999999580381915
GENE1,HAP_6,GENE1_INDEL_V6,2,0.0999999580381915
GENE1,HAP_6,GENE1_SNV_V1,2,0.0999999580381915
GENE1,HAP_6,GENE1_SNV_V2,1,0.0999999580381915
GENE1,HAP_6,GENE1_SNV_V3,2,0.0999999580381915
GENE1,HAP_6,GENE1_SNV_V4,2,0.0999999580381915
GENE1,HAP_6,GENE1_SNV_V5,1,0.0999999580381915
GENE1,HAP_6,GENE1_SNV_V6,2,0.0999999580381915
GENE1,HAP_6,GENE1_SV_V1,2,0.0999999580381915
GENE1,HAP_6,GENE1_SV_V2,1,0.0999999580381915
GENE1,HAP_6,GENE1_SV_V3,2,0.0999999580381915
GENE1,HAP_6,GENE1_SV_V4,2,0.0999999580381915
GENE1,HAP_6,GENE1_SV_V5,2,0.0999999580381915
GENE2,HAP_1,GENE2_SNV_V1,1,0.5
GENE2,HAP_1,GENE2_SNV_V2,1,0.5
GENE2,HAP_1,GENE2_SNV_V3,1,0.5
GENE2,HAP_1,GENE2_SNV_V4,1,0.5
GENE2,HAP_1,GENE2_SNV_V5,1,0.5
GENE2,HAP_1,GENE2_SNV_V6,1,0.5
GENE2,HAP_1,GENE2_SV_V1,1,0.5
GENE2,HAP_1,GENE2_SV_V2,1,0.5
GENE2,HAP_1,GENE2_SV_V3,1,0.5
GENE2,HAP_1,GENE2_SV_V4,1,0.5
GENE2,HAP_1,GENE2_SV_V5,1,0.5
GENE2,HAP_2,GENE2_SNV_V1,1,0.1
GENE2,HAP_2,GENE2_SNV_V2,1,0.1
GENE2,HAP_2,GENE2_SNV_V3,2,0.1
GENE2,HAP_2,GENE2_SNV_V4,1,0.1
GENE2,HAP_2,GENE2_SNV_V5,2,0.1
GENE2,HAP_2,GENE2_SNV_V6,2,0.1
GENE2,HAP_2,GENE2_SV_V1,1,0.1
GENE2,HAP_2,GENE2_SV_V2,2,0.1
GENE2,HAP_2,GENE2_SV_V3,1,0.1
GENE2,HAP_2,GENE2_SV_V4,2,0.1
GENE2,HAP_2,GENE2_SV_V5,2,0.1
GENE2,HAP_3,GENE2_SNV_V1,1,0.1
GENE2,HAP_3,GENE2_SNV_V2,2,0.1
GENE2,HAP_3,GENE2_SNV_V3,1,0.1
GENE2,HAP_3,GENE2_SNV_V4,1,0.1
GENE2,HAP_3,GENE2_SNV_V5,2,0.1
GENE2,HAP_3,GENE2_SNV_V6,1,0.1
GENE2,HAP_3,GENE2_SV_V1,1,0.1
GENE2,HAP_3,GENE2_SV_V2,1,0.1
GENE2,HAP_3,GENE2_SV_V3,1,0.1
GENE2,HAP_3,GENE2_SV_V4,2,0.1
GENE2,HAP_3,GENE2_SV_V5,1,0.1
GENE2,HAP_4,GENE2_SNV_V1,1,0.1
GENE2,HAP_4,GENE2_SNV_V2,2,0.1
GENE2,HAP_4,GENE2_SNV_V3,1,0.1
GENE2,HAP_4,GENE2_SNV_V4,2,0.1
GENE2,HAP_4,GENE2_SNV_V5,1,0.1
GENE2,HAP_4,GENE2_SNV_V6,1,0.1
GENE2,HAP_4,GENE2_SV_V1,1,0.1
GENE2,HAP_4,GENE2_SV_V2,1,0.1
GENE2,HAP_4,GENE2_SV_V3,2,0.1
GENE2,HAP_4,GENE2_SV_V4,1,0.1
GENE2,HAP_4,GENE2_SV_V5,1,0.1
GENE2,HAP_5,GENE2_SNV_V1,2,0.1
GENE2,HAP_5,GENE2_SNV_V2,1,0.1
GENE2,HAP_5,GENE2_SNV_V3,1,0.1
GENE2,HAP_5,GENE2_SNV_V4,1,0.1
GENE2,HAP_5,GENE2_SNV_V5,1,0.1
GENE2,HAP_5,GENE2_SNV_V6,1,0.1
GENE2,HAP_5,GENE2_SV_V1,2,0.1
GENE2,HAP_5,GENE2_SV_V2,1,0.1
GENE2,HAP_5,GENE2_SV_V3,1,0.1
GENE2,HAP_5,GENE2_SV_V4,1,0.1
GENE2,HAP_5,GENE2_SV_V5,1,0.1
GENE2,HAP_6,GENE2_SNV_V1,2,0.1
GENE2,HAP_6,GENE2_SNV_V2,1,0.1
GENE2,HAP_6,GENE2_SNV_V3,2,0.1
GENE2,HAP_6,GENE2_SNV_V4,2,0.1
GENE2,HAP_6,GENE2_SNV_V5,1,0.1
GENE2,HAP_6,GENE2_SNV_V6,2,0.1
GENE2,HAP_6,GENE2_SV_V1,2,0.1
GENE2,HAP_6,GENE2_SV_V2,2,0.1
GENE2,HAP_6,GENE2_SV_V3,2,0.1
GENE2,HAP_6,GENE2_SV_V4,1,0.1
GENE2,HAP_6,GENE2_SV_V5,2,0.1
GENE3,HAP_1,GENE3_SNV_V1,1,0.5
GENE3,HAP_1,GENE3_SNV_V2,1,0.5
GENE3,HAP_1,GENE3_SNV_V3,1,0.5
GENE3,HAP_1,GENE3_SNV_V4,1,0.5
GENE3,HAP_1,GENE3_SNV_V5,1,0.5
GENE3,HAP_1,GENE3_SNV_V6,1,0.5
GENE3,HAP_1,GENE3_SNV_V7,1,0.5
GENE3,HAP_1,GENE3_SNV_V8,1,0.5
GENE3,HAP_1,GENE3_SV_V1,1,0.5
GENE3,HAP_1,GENE3_SV_V2,1,0.5
GENE3,HAP_1,GENE3_SV_V3,1,0.5
GENE3,HAP_2,GENE3_SNV_V1,1,0.1
GENE3,HAP_2,GENE3_SNV_V2,1,0.1
GENE3,HAP_2,GENE3_SNV_V3,1,0.1
GENE3,HAP_2,GENE3_SNV_V4,2,0.1
GENE3,HAP_2,GENE3_SNV_V5,2,0.1
GENE3,HAP_2,GENE3_SNV_V6,1,0.1
GENE3,HAP_2,GENE3_SNV_V7,1,0.1
GENE3,HAP_2,GENE3_SNV_V8,1,0.1
GENE3,HAP_2,GENE3_SV_V1,1,0.1
GENE3,HAP_2,GENE3_SV_V2,2,0.1
GENE3,HAP_2,GENE3_SV_V3,1,0.1
GENE3,HAP_3,GENE3_SNV_V1,1,0.1
GENE3,HAP_3,GENE3_SNV_V2,2,0.1
GENE3,HAP_3,GENE3_SNV_V3,1,0.1
GENE3,HAP_3,GENE3_SNV_V4,2,0.1
GENE3,HAP_3,GENE3_SNV_V5,1,0.1
GENE3,HAP_3,GENE3_SNV_V6,1,0.1
GENE3,HAP_3,GENE3_SNV_V7,2,0.1
GENE3,HAP_3,GENE3_SNV_V8,1,0.1
GENE3,HAP_3,GENE3_SV_V1,2,0.1
GENE3,HAP_3,GENE3_SV_V2,2,0.1
GENE3,HAP_3,GENE3_SV_V3,2,0.1
GENE3,HAP_4,GENE3_SNV_V1,1,0.1
GENE3,HAP_4,GENE3_SNV_V2,2,0.1
GENE3,HAP_4,GENE3_SNV_V3,2,0.1
GENE3,HAP_4,GENE3_SNV_V4,1,0.1
GENE3,HAP_4,GENE3_SNV_V5,2,0.1
GENE3,HAP_4,GENE3_SNV_V6,2,0.1
GENE3,HAP_4,GENE3_SNV_V7,1,0.1
GENE3,HAP_4,GENE3_SNV_V8,1,0.1
GENE3,HAP_4,GENE3_SV_V1,2,0.1
GENE3,HAP_4,GENE3_SV_V2,1,0.1
GENE3,HAP_4,GENE3_SV_V3,1,0.1
GENE3,HAP_5,GENE3_SNV_V1,2,0.1
GENE3,HAP_5,GENE3_SNV_V2,1,0.1
GENE3,HAP_5,GENE3_SNV_V3,1,0.1
GENE3,HAP_5,GENE3_SNV_V4,1,0.1
GENE3,HAP_5,GENE3_SNV_V5,1,0.1
GENE3,HAP_5,GENE3_SNV_V6,2,0.1
GENE3,HAP_5,GENE3_SNV_V7,1,0.1
GENE3,HAP_5,GENE3_SNV_V8,2,0.1
GENE3,HAP_5,GENE3_SV_V1,1,0.1
GENE3,HAP_5,GENE3_SV_V2,1,0.1
GENE3,HAP_5,GENE3_SV_V3,1,0.1
GENE3,HAP_6,GENE3_SNV_V1,2,0.1
GENE3,HAP_6,GENE3_SNV_V2,1,0.1
GENE3,HAP_6,GENE3_SNV_V3,2,0.1
GENE3,HAP_6,GENE3_SNV_V4,1,0.1
GENE3,HAP_6,GENE3_SNV_V5,1,0.1
GENE3,HAP_6,GENE3_SNV_V6,1,0.1
GENE3,HAP_6,GENE3_SNV_V7,2,0.1
GENE3,HAP_6,GENE3_SNV_V8,2,0.1
GENE3,HAP_6,GENE3_SV_V1,1,0.1
GENE3,HAP_6,GENE3_SV_V2,1,0.1
GENE3,HAP_6,GENE3_SV_V3,2,0.1
