gene,haplotype_id,variant,allele,freq,Region
GENE1,HAP_1,GENE1_INDEL_V2,1,0.75,EUR
GENE1,HAP_1,GENE1_INDEL_V4,1,0.75,EUR
GENE1,HAP_1,GENE1_INDEL_V5,1,0.75,EUR
GENE1,HAP_1,GENE1_SNV_V2,1,0.75,EUR
GENE1,HAP_1,GENE1_SNV_V4,1,0.75,EUR
GENE1,HAP_1,GENE1_SNV_V5,1,0.75,EUR
GENE1,HAP_1,GENE1_SV_V2,1,0.75,EUR
GENE1,HAP_1,GENE1_SV_V4,1,0.75,EUR
GENE1,HAP_2,GENE1_INDEL_V2,2,0.25,EUR
GENE1,HAP_2,GENE1_INDEL_V4,2,0.25,EUR
GENE1,HAP_2,GENE1_INDEL_V5,2,0.25,EUR
GENE1,HAP_2,GENE1_SNV_V2,2,0.25,EUR
GENE1,HAP_2,GENE1_SNV_V4,2,0.25,EUR
GENE1,HAP_2,GENE1_SNV_V5,2,0.25,EUR
GENE1,HAP_2,GENE1_SV_V2,2,0.25,EUR
GENE1,HAP_2,GENE1_SV_V4,2,0.25,EUR
GENE2,HAP_1,GENE2_SNV_V1,1,0.2500013577270772,EUR
GENE2,HAP_1,GENE2_SNV_V3,1,0.2500013577270772,EUR
GENE2,HAP_1,GENE2_SNV_V4,1,0.2500013577270772,EUR
GENE2,HAP_1,GENE2_SNV_V6,1,0.2500013577270772,EUR
GENE2,HAP_1,GENE2_SV_V1,2,0.2500013577270772,EUR
GENE2,HAP_1,GENE2_SV_V2,1,0.2500013577270772,EUR
GENE2,HAP_1,GENE2_SV_V3,1,0.2500013577270772,EUR
GENE2,HAP_1,GENE2_SV_V5,1,0.2500013577270772,EUR
GENE2,HAP_2,GENE2_SNV_V1,1,0.24999864227292282,EUR
GENE2,HAP_2,GENE2_SNV_V3,2,0.24999864227292282,EUR
GENE2,HAP_2,GENE2_SNV_V4,2,0.24999864227292282,EUR
GENE2,HAP_2,GENE2_SNV_V6,2,0.24999864227292282,EUR
GENE2,HAP_2,GENE2_SV_V1,2,0.24999864227292282,EUR
GENE2,HAP_2,GENE2_SV_V2,2,0.24999864227292282,EUR
GENE2,HAP_2,GENE2_SV_V3,2,0.24999864227292282,EUR
GENE2,HAP_2,GENE2_SV_V5,2,0.24999864227292282,EUR
GENE2,HAP_3,GENE2_SNV_V1,2,0.4999986422729228,EUR
GENE2,HAP_3,GENE2_SNV_V3,1,0.4999986422729228,EUR
GENE2,HAP_3,GENE2_SNV_V4,1,0.4999986422729228,EUR
GENE2,HAP_3,GENE2_SNV_V6,1,0.4999986422729228,EUR
GENE2,HAP_3,GENE2_SV_V1,1,0.4999986422729228,EUR
GENE2,HAP_3,GENE2_SV_V2,1,0.4999986422729228,EUR
GENE2,HAP_3,GENE2_SV_V3,1,0.4999986422729228,EUR
GENE2,HAP_3,GENE2_SV_V5,1,0.4999986422729228,EUR
GENE2,HAP_4,GENE2_SNV_V1,2,1.3577270771985934e-6,EUR
GENE2,HAP_4,GENE2_SNV_V3,2,1.3577270771985934e-6,EUR
GENE2,HAP_4,GENE2_SNV_V4,2,1.3577270771985934e-6,EUR
GENE2,HAP_4,GENE2_SNV_V6,2,1.3577270771985934e-6,EUR
GENE2,HAP_4,GENE2_SV_V1,1,1.3577270771985934e-6,EUR
GENE2,HAP_4,GENE2_SV_V2,2,1.3577270771985934e-6,EUR
GENE2,HAP_4,GENE2_SV_V3,2,1.3577270771985934e-6,EUR
GENE2,HAP_4,GENE2_SV_V5,2,1.3577270771985934e-6,EUR
GENE3,HAP_1,GENE3_SNV_V1,1,0.5,EUR
GENE3,HAP_1,GENE3_SNV_V2,1,0.5,EUR
GENE3,HAP_1,GENE3_SNV_V4,1,0.5,EUR
GENE3,HAP_1,GENE3_SNV_V6,1,0.5,EUR
GENE3,HAP_1,GENE3_SNV_V7,1,0.5,EUR
GENE3,HAP_1,GENE3_SNV_V8,1,0.5,EUR
GENE3,HAP_1,GENE3_SV_V1,1,0.5,EUR
GENE3,HAP_1,GENE3_SV_V2,1,0.5,EUR
GENE3,HAP_1,GENE3_SV_V3,1,0.5,EUR
GENE3,HAP_2,GENE3_SNV_V1,1,0.25,EUR
GENE3,HAP_2,GENE3_SNV_V2,2,0.25,EUR
GENE3,HAP_2,GENE3_SNV_V4,2,0.25,EUR
GENE3,HAP_2,GENE3_SNV_V6,1,0.25,EUR
GENE3,HAP_2,GENE3_SNV_V7,2,0.25,EUR
GENE3,HAP_2,GENE3_SNV_V8,1,0.25,EUR
GENE3,HAP_2,GENE3_SV_V1,2,0.25,EUR
GENE3,HAP_2,GENE3_SV_V2,2,0.25,EUR
GENE3,HAP_2,GENE3_SV_V3,2,0.25,EUR
GENE3,HAP_3,GENE3_SNV_V1,2,0.25,EUR
GENE3,HAP_3,GENE3_SNV_V2,1,0.25,EUR
GENE3,HAP_3,GENE3_SNV_V4,1,0.25,EUR
GENE3,HAP_3,GENE3_SNV_V6,2,0.25,EUR
GENE3,HAP_3,GENE3_SNV_V7,1,0.25,EUR
GENE3,HAP_3,GENE3_SNV_V8,2,0.25,EUR
GENE3,HAP_3,GENE3_SV_V1,1,0.25,EUR
GENE3,HAP_3,GENE3_SV_V2,1,0.25,EUR
GENE3,HAP_3,GENE3_SV_V3,1,0.25,EUR
GENE1,HAP_1,GENE1_INDEL_V1,1,0.499998588864067,EAS
GENE1,HAP_1,GENE1_INDEL_V3,2,0.499998588864067,EAS
GENE1,HAP_1,GENE1_INDEL_V4,1,0.499998588864067,EAS
GENE1,HAP_1,GENE1_INDEL_V6,1,0.499998588864067,EAS
GENE1,HAP_1,GENE1_SNV_V1,1,0.499998588864067,EAS
GENE1,HAP_1,GENE1_SNV_V3,1,0.499998588864067,EAS
GENE1,HAP_1,GENE1_SNV_V4,1,0.499998588864067,EAS
GENE1,HAP_1,GENE1_SNV_V6,1,0.499998588864067,EAS
GENE1,HAP_1,GENE1_SV_V1,2,0.499998588864067,EAS
GENE1,HAP_1,GENE1_SV_V3,2,0.499998588864067,EAS
GENE1,HAP_1,GENE1_SV_V4,1,0.499998588864067,EAS
GENE1,HAP_1,GENE1_SV_V5,2,0.499998588864067,EAS
GENE1,HAP_2,GENE1_INDEL_V1,1,1.4111359329957385e-6,EAS
GENE1,HAP_2,GENE1_INDEL_V3,2,1.4111359329957385e-6,EAS
GENE1,HAP_2,GENE1_INDEL_V4,2,1.4111359329957385e-6,EAS
GENE1,HAP_2,GENE1_INDEL_V6,1,1.4111359329957385e-6,EAS
GENE1,HAP_2,GENE1_SNV_V1,1,1.4111359329957385e-6,EAS
GENE1,HAP_2,GENE1_SNV_V3,1,1.4111359329957385e-6,EAS
GENE1,HAP_2,GENE1_SNV_V4,2,1.4111359329957385e-6,EAS
GENE1,HAP_2,GENE1_SNV_V6,1,1.4111359329957385e-6,EAS
GENE1,HAP_2,GENE1_SV_V1,2,1.4111359329957385e-6,EAS
GENE1,HAP_2,GENE1_SV_V3,2,1.4111359329957385e-6,EAS
GENE1,HAP_2,GENE1_SV_V4,2,1.4111359329957385e-6,EAS
GENE1,HAP_2,GENE1_SV_V5,2,1.4111359329957385e-6,EAS
GENE1,HAP_3,GENE1_INDEL_V1,2,0.250001411135933,EAS
GENE1,HAP_3,GENE1_INDEL_V3,1,0.250001411135933,EAS
GENE1,HAP_3,GENE1_INDEL_V4,1,0.250001411135933,EAS
GENE1,HAP_3,GENE1_INDEL_V6,2,0.250001411135933,EAS
GENE1,HAP_3,GENE1_SNV_V1,2,0.250001411135933,EAS
GENE1,HAP_3,GENE1_SNV_V3,2,0.250001411135933,EAS
GENE1,HAP_3,GENE1_SNV_V4,1,0.250001411135933,EAS
GENE1,HAP_3,GENE1_SNV_V6,2,0.250001411135933,EAS
GENE1,HAP_3,GENE1_SV_V1,1,0.250001411135933,EAS
GENE1,HAP_3,GENE1_SV_V3,1,0.250001411135933,EAS
GENE1,HAP_3,GENE1_SV_V4,1,0.250001411135933,EAS
GENE1,HAP_3,GENE1_SV_V5,1,0.250001411135933,EAS
GENE1,HAP_4,GENE1_INDEL_V1,2,0.249998588864067,EAS
GENE1,HAP_4,GENE1_INDEL_V3,1,0.249998588864067,EAS
GENE1,HAP_4,GENE1_INDEL_V4,2,0.249998588864067,EAS
GENE1,HAP_4,GENE1_INDEL_V6,2,0.249998588864067,EAS
GENE1,HAP_4,GENE1_SNV_V1,2,0.249998588864067,EAS
GENE1,HAP_4,GENE1_SNV_V3,2,0.249998588864067,EAS
GENE1,HAP_4,GENE1_SNV_V4,2,0.249998588864067,EAS
GENE1,HAP_4,GENE1_SNV_V6,2,0.249998588864067,EAS
GENE1,HAP_4,GENE1_SV_V1,1,0.249998588864067,EAS
GENE1,HAP_4,GENE1_SV_V3,1,0.249998588864067,EAS
GENE1,HAP_4,GENE1_SV_V4,2,0.249998588864067,EAS
GENE1,HAP_4,GENE1_SV_V5,1,0.249998588864067,EAS
GENE2,HAP_1,GENE2_SNV_V2,1,0.5,EAS
GENE2,HAP_1,GENE2_SNV_V3,1,0.5,EAS
GENE2,HAP_1,GENE2_SNV_V5,2,0.5,EAS
GENE2,HAP_1,GENE2_SNV_V6,1,0.5,EAS
GENE2,HAP_1,GENE2_SV_V2,1,0.5,EAS
GENE2,HAP_1,GENE2_SV_V4,2,0.5,EAS
GENE2,HAP_1,GENE2_SV_V5,1,0.5,EAS
GENE2,HAP_2,GENE2_SNV_V2,1,0.25,EAS
GENE2,HAP_2,GENE2_SNV_V3,2,0.25,EAS
GENE2,HAP_2,GENE2_SNV_V5,1,0.25,EAS
GENE2,HAP_2,GENE2_SNV_V6,2,0.25,EAS
GENE2,HAP_2,GENE2_SV_V2,2,0.25,EAS
GENE2,HAP_2,GENE2_SV_V4,1,0.25,EAS
GENE2,HAP_2,GENE2_SV_V5,2,0.25,EAS
GENE2,HAP_3,GENE2_SNV_V2,2,0.25,EAS
GENE2,HAP_3,GENE2_SNV_V3,1,0.25,EAS
GENE2,HAP_3,GENE2_SNV_V5,1,0.25,EAS
GENE2,HAP_3,GENE2_SNV_V6,1,0.25,EAS
GENE2,HAP_3,GENE2_SV_V2,1,0.25,EAS
GENE2,HAP_3,GENE2_SV_V4,1,0.25,EAS
GENE2,HAP_3,GENE2_SV_V5,1,0.25,EAS
GENE3,HAP_1,GENE3_SNV_V2,1,0.5,EAS
GENE3,HAP_1,GENE3_SNV_V3,1,0.5,EAS
GENE3,HAP_1,GENE3_SNV_V4,1,0.5,EAS
GENE3,HAP_1,GENE3_SNV_V6,1,0.5,EAS
GENE3,HAP_1,GENE3_SV_V1,1,0.5,EAS
GENE3,HAP_1,GENE3_SV_V2,1,0.5,EAS
GENE3,HAP_2,GENE3_SNV_V2,1,0.25,EAS
GENE3,HAP_2,GENE3_SNV_V3,1,0.25,EAS
GENE3,HAP_2,GENE3_SNV_V4,2,0.25,EAS
GENE3,HAP_2,GENE3_SNV_V6,1,0.25,EAS
GENE3,HAP_2,GENE3_SV_V1,1,0.25,EAS
GENE3,HAP_2,GENE3_SV_V2,2,0.25,EAS
GENE3,HAP_3,GENE3_SNV_V2,2,0.25,EAS
GENE3,HAP_3,GENE3_SNV_V3,2,0.25,EAS
GENE3,HAP_3,GENE3_SNV_V4,1,0.25,EAS
GENE3,HAP_3,GENE3_SNV_V6,2,0.25,EAS
GENE3,HAP_3,GENE3_SV_V1,2,0.25,EAS
GENE3,HAP_3,GENE3_SV_V2,1,0.25,EAS
GENE1,SINGLE_1,NA,1,1,AMR
GENE2,SINGLE_1,NA,1,1,AMR
GENE3,SINGLE_1,NA,1,1,AMR
